date,title_or_url,reason
2026-10-05,NEJM AI: AI-triggered rapid response (Epic Deterioration Index) and inpatient mortality,Repeat: RWJBarnabas/Rutgers EDI study already in log (2026-09-14)
2026-10-05,Lancet Digital Health: PAICS fetal intracranial malformation RCT (China),Could not verify: Lancet page blocked (403) and no institution release found
2026-10-05,MIT News: Estimating suicide risk from text,Research only; not deployed
2026-10-05,JAMA smartphone AI tool for underdiagnosed heart condition,Retrospective validation; under FDA review; not deployed
2026-10-05,WFP Enterprise Deduplication Service (May 2026),Older than 4 weeks; main figures are projections
2026-10-05,Khanmigo / AI tutoring RCT working papers,ai-tutoring theme already has 2 stories; not peer-reviewed
2026-10-06,Medical Xpress: AI tool integrated into hospital workflows to classify skin lesions,skin-cancer-detection theme already has 2 stories; not a clearly different application
2026-10-06,Newsweek: hospitals using AI to save lives (Tampa General sepsis / Sanford CKD / Mount Sinai),Roundup of executive claims; Sanford CKD results date from 2025; no new verified outcome data
2026-10-06,Stanford/JAMA Netw Open high blood pressure EHR advisory,"Rule-based alert, not AI; published 2025"
2026-10-06,Spain Zaragoza AI flood and water projects,Announcement with expected impact only; no outcomes
